year,kpi,value,unit
2016,EBIT,6275,million EUR
2016,EBITDA,10526,million EUR
2016,EBITDA Margin before special items,17.9,%
2016,Free Cash Flow,3572,million EUR
2016,Investments / CapEx (additions to PPE and intangible assets),7258,million EUR
2016,Net Income,4056,million EUR
2016,Operating Cash Flow,7717,million EUR
2016,ROCE,,%
2016,Sales,57550,million EUR
2017,EBIT,7587,million EUR
2017,EBITDA,10765,million EUR
2017,EBITDA Margin before special items,17.5,%
2017,Free Cash Flow,4789,million EUR
2017,Investments / CapEx (additions to PPE and intangible assets),4364,million EUR
2017,Net Income,6078,million EUR
2017,Operating Cash Flow,8785,million EUR
2017,ROCE,15.4,%
2017,Sales,61223,million EUR
2018,EBIT,5974,million EUR
2018,EBITDA,8970,million EUR
2018,EBITDA Margin before special items,15.4,%
2018,Free Cash Flow,4045,million EUR
2018,Investments / CapEx (additions to PPE and intangible assets),10735,million EUR
2018,Net Income,4707,million EUR
2018,Operating Cash Flow,7939,million EUR
2018,ROCE,12.0,%
2018,Sales,60220,million EUR
2019,EBIT,4201,million EUR
2019,EBITDA,8185,million EUR
2019,EBITDA Margin before special items,14,%
2019,Free Cash Flow,3650,million EUR
2019,Investments / CapEx (additions to PPE and intangible assets),4097,million EUR
2019,Net Income,8421,million EUR
2019,Operating Cash Flow,7474,million EUR
2019,ROCE,7.7,%
2019,Sales,59316,million EUR
2020,EBIT,-191,million EUR
2020,EBITDA,6494,million EUR
2020,EBITDA Margin before special items,12.6,%
2020,Free Cash Flow,2284,million EUR
2020,Investments / CapEx (additions to PPE and intangible assets),4869,million EUR
2020,Net Income,-1060,million EUR
2020,Operating Cash Flow,5413,million EUR
2020,ROCE,1.7,%
2020,Sales,59149,million EUR
2021,EBIT,7677,million EUR
2021,EBITDA,11355,million EUR
2021,EBITDA Margin before special items,14.4,%
2021,Free Cash Flow,3713,million EUR
2021,Investments / CapEx (additions to PPE and intangible assets),4881,million EUR
2021,Net Income,5523,million EUR
2021,Operating Cash Flow,7245,million EUR
2021,ROCE,13.7,%
2021,Sales,78598,million EUR
2022,EBIT,6548,million EUR
2022,EBITDA,10748,million EUR
2022,EBITDA Margin before special items,12.3,%
2022,Free Cash Flow,3333,million EUR
2022,Investments / CapEx (additions to PPE and intangible assets),4967,million EUR
2022,Net Income,-627,million EUR
2022,Operating Cash Flow,7709,million EUR
2022,ROCE,10,%
2022,Sales,87327,million EUR
2023,EBIT,2240,million EUR
2023,EBITDA,7180,million EUR
2023,EBITDA Margin before special items,11.1,%
2023,Free Cash Flow,2715,million EUR
2023,Investments / CapEx (additions to PPE and intangible assets),6006,million EUR
2023,Net Income,225,million EUR
2023,Operating Cash Flow,8111,million EUR
2023,ROCE,4.5,%
2023,Sales,68902,million EUR
2024,EBIT,1810,million EUR
2024,EBITDA,6211,million EUR
2024,EBITDA Margin before special items,11.8,%
2024,Free Cash Flow,748,million EUR
2024,Investments / CapEx (additions to PPE and intangible assets),6826,million EUR
2024,Net Income,1298,million EUR
2024,Operating Cash Flow,6946,million EUR
2024,ROCE,5.1,%
2024,Sales,61444,million EUR
2025,EBIT,1634,million EUR
2025,EBITDA,5618,million EUR
2025,EBITDA Margin before special items,11,%
2025,Free Cash Flow,1342,million EUR
2025,Investments / CapEx (additions to PPE and intangible assets),4787,million EUR
2025,Net Income,1619,million EUR
2025,Operating Cash Flow,5610,million EUR
2025,ROCE,5.8,%
2025,Sales,59657,million EUR
